{
  "timestamp": "2026-01-30T13:39:48.764151",
  "configuration": {
    "rounds": 4,
    "num_samples": 100,
    "epochs": 20,
    "hidden_dim": 128
  },
  "results": {
    "arx": {
      "cipher_name": "ARX (Speck)",
      "cipher_type": "SimplifiedSpeck",
      "rounds": 4,
      "block_size": 32,
      "key_size": 64,
      "num_samples": 100,
      "epochs": 20,
      "final_loss": 0.2705041170120239,
      "best_loss": 0.2741950824856758,
      "bit_accuracy": 0.5831249952316284,
      "training_history": [
        0.5107731148600578,
        0.473101444542408,
        0.45730598270893097,
        0.43117252737283707,
        0.4312632530927658,
        0.429060623049736,
        0.4039696976542473,
        0.3846481516957283,
        0.3864791542291641,
        0.36515361070632935,
        0.3508933186531067,
        0.34785568714141846,
        0.3362028896808624,
        0.3141927272081375,
        0.3045062944293022,
        0.303766667842865,
        0.30382782965898514,
        0.296638548374176,
        0.2887031212449074,
        0.2741950824856758
      ]
    },
    "feistel": {
      "cipher_name": "Feistel",
      "cipher_type": "SimplifiedFeistel",
      "rounds": 4,
      "block_size": 16,
      "key_size": 32,
      "num_samples": 100,
      "epochs": 20,
      "final_loss": 0.2358306497335434,
      "best_loss": 0.23100825771689415,
      "bit_accuracy": 0.6143749952316284,
      "training_history": [
        0.48235856741666794,
        0.4210766926407814,
        0.42882057279348373,
        0.3988458886742592,
        0.37224943190813065,
        0.35607628524303436,
        0.3380127474665642,
        0.32933514565229416,
        0.2950194701552391,
        0.2945610359311104,
        0.3026060611009598,
        0.28050118684768677,
        0.27319133281707764,
        0.26153159886598587,
        0.26571622490882874,
        0.2596578560769558,
        0.25688765570521355,
        0.24622970446944237,
        0.23760031536221504,
        0.23100825771689415
      ]
    },
    "spn": {
      "cipher_name": "SPN",
      "cipher_type": "SimplifiedSPN",
      "rounds": 4,
      "block_size": 16,
      "key_size": 32,
      "num_samples": 100,
      "epochs": 20,
      "final_loss": 0.2449914515018463,
      "best_loss": 0.2433861680328846,
      "bit_accuracy": 0.5893749594688416,
      "training_history": [
        0.49854736775159836,
        0.47255631536245346,
        0.4371529296040535,
        0.4028538540005684,
        0.38049697130918503,
        0.3567874953150749,
        0.35733071714639664,
        0.3340107202529907,
        0.3243826702237129,
        0.31754519790410995,
        0.30663076788187027,
        0.29177821427583694,
        0.27932389080524445,
        0.2692943438887596,
        0.266401469707489,
        0.27061326801776886,
        0.25947021692991257,
        0.2621433287858963,
        0.2495996467769146,
        0.2433861680328846
      ]
    }
  },
  "ranking": [
    {
      "rank": 1,
      "cipher": "Feistel",
      "loss": 0.2358306497335434,
      "accuracy": 0.6143749952316284
    },
    {
      "rank": 2,
      "cipher": "SPN",
      "loss": 0.2449914515018463,
      "accuracy": 0.5893749594688416
    },
    {
      "rank": 3,
      "cipher": "ARX (Speck)",
      "loss": 0.2705041170120239,
      "accuracy": 0.5831249952316284
    }
  ]
}